Model,MAE
linear,0.25231954986178645
LASSO,0.26125447298947585
ridge,0.252019017419542
svm_poly2,0.41628248260309264
svm_poly3,0.3869466451096145
svm_poly4,0.3736290057954756
svm_rbf,0.340151195157976
tree,0.07142857142857142
