Model,Accuracy
svm_poly2,0.4828571428571429
svm_poly3,0.4828571428571429
svm_poly4,0.4828571428571429
svm_rbf,0.4828571428571429
