Model,MAE
linear,0.2523195498618959
LASSO,0.5001360544217688
ridge,0.22754915661529662
svm_poly2,0.1761750146025722
svm_poly3,0.167810364764919
svm_poly4,0.17394445794287727
svm_rbf,0.15621469613917105
tree,0.06857142857142857
