Model,Accuracy
svm_poly2,0.9228571428571428
svm_poly3,0.9285714285714286
svm_poly4,0.9314285714285714
svm_rbf,0.9285714285714286
